project,testClassName,testMethodName,ExecutionTime
Achilles,info.archinnov.achilles.it.TestDynamicKeyspaceWithUDTJSON,should_crud_delete_json_with_dynamic_ks,15.308
Achilles,info.archinnov.achilles.it.TestDynamicKeyspaceWithUDTJSON,should_crud_insert_json_with_dynamic_ks,0.301
Achilles,info.archinnov.achilles.it.TestDynamicKeyspaceWithUDTJSON,should_crud_select_json_with_dynamic_ks,0.447
Achilles,info.archinnov.achilles.it.TestEntityWithIndicesForJSON,should_query_using_index_and_partition_key_asJSON,16.774
Achilles,info.archinnov.achilles.it.TestEntityWithIndicesForJSON,should_query_using_map_key_entry_fromJSON,0.449
Achilles,info.archinnov.achilles.it.TestEntityWithIndicesForJSON,should_query_using_index_and_clustering_column_fromJSON,0.354
Achilles,info.archinnov.achilles.it.TestEntityWithIndicesForJSON,should_query_using_full_collection_index_fromJSON,0.408
Achilles,info.archinnov.achilles.it.TestEntityWithIndicesForJSON,should_query_using_map_key_value_fromJSON,0.25
Achilles,info.archinnov.achilles.it.TestEntityWithIndicesForJSON,should_query_using_simple_index_fromJSON,0.249
Achilles,info.archinnov.achilles.it.TestEntityWithIndicesForJSON,should_query_using_map_key_index_fromJSON,0.384
Achilles,info.archinnov.achilles.it.TestEntityWithIndicesForJSON,should_query_using_collection_index_fromJSON,0.449
Achilles,info.archinnov.achilles.it.TestFunctionCallsSimpleEntity,should_dsl_with_udf_call,16.281
Achilles,info.archinnov.achilles.it.TestFunctionCallsSimpleEntity,should_call_user_defined_functions,0.776
Achilles,info.archinnov.achilles.it.TestFunctionCallsSimpleEntity,should_fail_call_writetime_on_another_function_call,0.317
Achilles,info.archinnov.achilles.it.TestFunctionCallsSimpleEntity,should_dsl_with_nested_system_function_call,0.377
Achilles,info.archinnov.achilles.it.TestFunctionCallsSimpleEntity,should_dsl_with_system_function_call,0.225
Achilles,info.archinnov.achilles.it.TestJSONCall,should_select_json_star,14.302
Achilles,info.archinnov.achilles.it.TestJSONCall,should_select_allJSON,0.304
Achilles,info.archinnov.achilles.it.TestJSONCall,should_delete_using_fromJson,0.436
Achilles,info.archinnov.achilles.it.TestJSONCall,should_insert_json_if_not_exists,0.187
Achilles,info.archinnov.achilles.it.TestJSONCall,should_select_toJson,0.447
Achilles,info.archinnov.achilles.it.TestJSONCall,should_update_using_fromJson,0.329
Achilles,info.archinnov.achilles.it.TestJSONCall,should_insert_json,0.126
Achilles,info.archinnov.achilles.internals.parser.EntityParserTest,should_generate_meta_signature_for_complex_types_javac,3.696
Achilles,info.archinnov.achilles.internals.parser.EntityParserTest,should_fail_because_no_matching_field_name_for_immutable_constructor_param_javac,0.204
Achilles,info.archinnov.achilles.internals.parser.EntityParserTest,should_fail_because_incorrect_field_type_for_declared_constructor_param_javac,0.14
Achilles,info.archinnov.achilles.internals.parser.EntityParserTest,should_fail_because_incorrect_field_type_for_constructor_param_javac,0.085
Achilles,info.archinnov.achilles.internals.parser.EntityParserTest,should_fail_because_incorrect_field_type_for_immutable_constructor_param_javac,0.073
Achilles,info.archinnov.achilles.internals.parser.EntityParserTest,should_generate_meta_signature_for_immutable_entity_javac,0.187
Achilles,info.archinnov.achilles.internals.parser.EntityParserTest,should_generate_meta_signature_for_complex_types_ecj,0.0
Achilles,info.archinnov.achilles.internals.parser.EntityParserTest,should_fail_because_no_matching_field_name_for_declared_constructor_param_javac,0.087
Achilles,info.archinnov.achilles.internals.parser.EntityParserTest,should_fail_because_no_matching_field_name_for_constructor_param_javac,0.085
Achilles,info.archinnov.achilles.internals.parser.EntityParserTest,should_generate_meta_signature_for_view_javac,0.151
Achilles,info.archinnov.achilles.internals.parser.EntityParserTest,should_fail_because_not_public_final_field_type_for_immutable_constructor_param_javac,0.071
Achilles,info.archinnov.achilles.internals.parser.EntityParserTest,should_generate_meta_signature_for_view_ecj,0.0
Achilles,info.archinnov.achilles.internals.parser.FunctionParserTest,should_fail_parsing_validating_nested_types,2.362
Achilles,info.archinnov.achilles.internals.parser.FunctionParserTest,should_fail_parsing_function_with_blank_keyspace,0.099
Achilles,info.archinnov.achilles.internals.parser.FunctionParserTest,should_fail_parsing_function_forbidden_function_name,0.13
Achilles,info.archinnov.achilles.internals.parser.FunctionParserTest,should_parse_functions_with_complex_types_ecj,0.0
Achilles,info.archinnov.achilles.internals.parser.FunctionParserTest,should_parse_functions_with_complex_return_types_javac,0.534
Achilles,info.archinnov.achilles.internals.parser.FunctionParserTest,should_fail_parsing_function_with_void_return_type,0.19
Achilles,info.archinnov.achilles.internals.parser.FunctionParserTest,should_fail_parsing_function_with_unsupported_return_type,0.09
Achilles,info.archinnov.achilles.internals.parser.FunctionParserTest,should_fail_parsing_function_OpsCenter_keyspace_name,0.191
Achilles,info.archinnov.achilles.internals.parser.FunctionParserTest,should_parse_function_with_keyspace,0.092
Achilles,info.archinnov.achilles.internals.parser.FunctionParserTest,should_fail_parsing_duplicate_function_declaration,0.06
Achilles,info.archinnov.achilles.internals.parser.FunctionParserTest,should_fail_parsing_function_with_unsupported_param_type,0.05
Achilles,info.archinnov.achilles.internals.parser.FunctionParserTest,should_parse_functions_with_complex_return_types_ecj,0.0
Achilles,info.archinnov.achilles.internals.parser.FunctionParserTest,should_fail_parsing_function_with_primitive_return_type,0.039
Achilles,info.archinnov.achilles.internals.parser.FunctionParserTest,should_fail_parsing_function_forbidden_keyspace_name,0.041
Achilles,info.archinnov.achilles.internals.parser.FunctionParserTest,should_parse_functions_with_complex_types_javac,0.134
Achilles,info.archinnov.achilles.internals.parser.FunctionParserTest,should_parse_function,0.085
Achilles,info.archinnov.achilles.internals.parser.validator.TypeValidatorTest,should_validate_setByte,0.911
Achilles,info.archinnov.achilles.internals.parser.validator.TypeValidatorTest,should_validate_mapByteArray,0.012
Achilles,info.archinnov.achilles.internals.parser.validator.TypeValidatorTest,should_validate_primitiveByte,0.006
Achilles,info.archinnov.achilles.internals.parser.validator.TypeValidatorTest,should_fail_on_invalidTypeNestedType,0.18
Achilles,info.archinnov.achilles.internals.parser.validator.TypeValidatorTest,should_fail_on_invalidLowerBound,0.018
Achilles,info.archinnov.achilles.internals.parser.validator.TypeValidatorTest,should_validate_tupleValue,0.001
Achilles,info.archinnov.achilles.internals.parser.validator.TypeValidatorTest,should_validate_primitiveByteArray,0.001
Achilles,info.archinnov.achilles.internals.parser.validator.TypeValidatorTest,should_validate_tuple1,0.005
Achilles,info.archinnov.achilles.internals.parser.validator.TypeValidatorTest,should_validate_tuple2,0.007
Achilles,info.archinnov.achilles.internals.parser.validator.TypeValidatorTest,should_validate_tuple3,0.003
Achilles,info.archinnov.achilles.internals.parser.validator.TypeValidatorTest,should_validate_objectByteArray,0.002
Achilles,info.archinnov.achilles.internals.parser.validator.TypeValidatorTest,should_validate_listString,0.002
Achilles,info.archinnov.achilles.internals.parser.validator.TypeValidatorTest,should_fail_on_invalidUpperBound,0.003
Achilles,info.archinnov.achilles.internals.parser.validator.TypeValidatorTest,should_fail_on_invalidWildCard,0.002
Achilles,info.archinnov.achilles.internals.parser.validator.TypeValidatorTest,should_fail_on_invalidType,0.002
Achilles,info.archinnov.achilles.internals.parser.validator.TypeValidatorTest,should_validate_objectByte,0.002
Achilles,info.archinnov.achilles.internals.strategy.naming.LowerCaseNamingTest,should_return_blank_name,0.225
Achilles,info.archinnov.achilles.internals.strategy.naming.LowerCaseNamingTest,should_return_blank_name_on_null,0.001
Achilles,info.archinnov.achilles.internals.strategy.naming.LowerCaseNamingTest,should_return_lower_case,0.006
Achilles,info.archinnov.achilles.internals.utils.TypeNameHelperTest,should_convert_type_name_to_string,0.707
Achilles,info.archinnov.achilles.internals.parser.AnnotationTreeTest,should_build_trees_json_map_javac,2.856
Achilles,info.archinnov.achilles.internals.parser.AnnotationTreeTest,should_build_treemap_for_frozen_udt_annotation_ecj,0.0
Achilles,info.archinnov.achilles.internals.parser.AnnotationTreeTest,should_build_treemap_for_codec_annotation_javac,0.462
Achilles,info.archinnov.achilles.internals.parser.AnnotationTreeTest,should_build_trees_map_for_level1_nesting_javac,0.24
Achilles,info.archinnov.achilles.internals.parser.AnnotationTreeTest,should_build_trees_for_other_fields_javac_ecj,0.0
Achilles,info.archinnov.achilles.internals.parser.AnnotationTreeTest,should_build_annotation_tree_for_map_javac,0.317
Achilles,info.archinnov.achilles.internals.parser.AnnotationTreeTest,should_build_treemap_for_clustering_column_annotation_java,0.35
Achilles,info.archinnov.achilles.internals.parser.AnnotationTreeTest,should_build_trees_map_for_level1_nesting_ecj,0.0
Achilles,info.archinnov.achilles.internals.parser.AnnotationTreeTest,should_build_treemap_for_clustering_column_annotation_ecj,0.0
Achilles,info.archinnov.achilles.internals.parser.AnnotationTreeTest,should_build_trees_map_with_nested_json_javac,0.16
Achilles,info.archinnov.achilles.internals.parser.AnnotationTreeTest,should_build_trees_for_other_fields_javac,0.206
Achilles,info.archinnov.achilles.internals.parser.AnnotationTreeTest,should_build_trees_json_map_ecj,0.0
Achilles,info.archinnov.achilles.internals.parser.AnnotationTreeTest,should_build_treemap_for_computed_annotation_javac,0.126
Achilles,info.archinnov.achilles.internals.parser.AnnotationTreeTest,should_build_trees_map_with_nested_json_ecj,0.0
Achilles,info.archinnov.achilles.internals.parser.AnnotationTreeTest,should_build_treemap_for_codec_annotation_ecj,0.0
Achilles,info.archinnov.achilles.internals.parser.AnnotationTreeTest,should_build_annotation_tree_for_map_ecj,0.0
Achilles,info.archinnov.achilles.internals.parser.AnnotationTreeTest,should_build_treemap_for_computed_annotation_ecj,0.0
Achilles,info.archinnov.achilles.internals.codegen.ManagerCodeGenTest,should_generate_manager_class_for_index_dsl,2.804
Achilles,info.archinnov.achilles.internals.strategy.FrozenNestedTypeStrategyTest,should_fail_for_non_frozen_map_udtValueKey,2.525
Achilles,info.archinnov.achilles.internals.strategy.FrozenNestedTypeStrategyTest,should_fail_for_non_frozen_udtValue,0.319
Achilles,info.archinnov.achilles.internals.strategy.FrozenNestedTypeStrategyTest,should_validate_index_depth_1,0.234
Achilles,info.archinnov.achilles.internals.strategy.FrozenNestedTypeStrategyTest,should_validate_index_depth_2,0.231
Achilles,info.archinnov.achilles.internals.strategy.FrozenNestedTypeStrategyTest,should_fail_for_non_frozen_map_list,0.119
Achilles,info.archinnov.achilles.internals.strategy.FrozenNestedTypeStrategyTest,should_fail_for_non_frozen_map_listKey,0.206
Achilles,info.archinnov.achilles.internals.strategy.FrozenNestedTypeStrategyTest,should_not_fail_for_non_frozen_map_tupleValue,0.163
Achilles,info.archinnov.achilles.internals.strategy.FrozenNestedTypeStrategyTest,should_fail_for_non_frozen_list_udtValue,0.064
Achilles,info.archinnov.achilles.internals.strategy.FrozenNestedTypeStrategyTest,should_not_fail_for_non_frozen_tuple_map,0.095
Achilles,info.archinnov.achilles.internals.strategy.FrozenNestedTypeStrategyTest,should_not_fail_for_non_frozen_tuple_udt,0.103
Achilles,info.archinnov.achilles.internals.strategy.FrozenNestedTypeStrategyTest,should_not_fail_for_non_frozen_tupleValue,0.095
Achilles,info.archinnov.achilles.internals.strategy.FrozenNestedTypeStrategyTest,should_not_fail_for_non_frozen_tuple_list,0.091
Achilles,info.archinnov.achilles.internals.strategy.FrozenNestedTypeStrategyTest,should_not_fail_for_non_frozen_map_tupleValueKey,0.102
Achilles,info.archinnov.achilles.internals.strategy.FrozenNestedTypeStrategyTest,should_fail_for_non_frozen_map_udtValue,0.118
Achilles,info.archinnov.achilles.internals.strategy.FrozenNestedTypeStrategyTest,should_fail_for_non_frozen_udt,0.075
Achilles,info.archinnov.achilles.internals.strategy.FrozenNestedTypeStrategyTest,should_fail_for_non_frozen_list_udt,0.056
Achilles,info.archinnov.achilles.internals.strategy.FrozenNestedTypeStrategyTest,should_not_fail_for_non_frozen_tuple_tupleValue,0.132
Achilles,info.archinnov.achilles.internals.strategy.FrozenNestedTypeStrategyTest,should_not_fail_for_non_frozen_list_tupleValue,0.099
Achilles,info.archinnov.achilles.internals.strategy.FrozenNestedTypeStrategyTest,should_not_fail_for_non_frozen_list_tuple,0.064
Achilles,info.archinnov.achilles.internals.strategy.FrozenNestedTypeStrategyTest,should_fail_for_non_frozen_list_list,0.064
Achilles,info.archinnov.achilles.internals.strategy.FrozenNestedTypeStrategyTest,should_fail_for_non_frozen_map_udt,0.107
Achilles,info.archinnov.achilles.internals.strategy.FrozenNestedTypeStrategyTest,should_fail_for_non_frozen_map_udtKey,0.049
Achilles,info.archinnov.achilles.internals.strategy.FrozenNestedTypeStrategyTest,should_not_fail_for_non_frozen_map_tupleKey,0.066
Achilles,info.archinnov.achilles.internals.strategy.FrozenNestedTypeStrategyTest,should_validate_index_depth_2_as_map_key,0.213
Achilles,info.archinnov.achilles.internals.strategy.FrozenNestedTypeStrategyTest,should_fail_validating_index_depth_gt_2,0.092
Achilles,info.archinnov.achilles.internals.strategy.FrozenNestedTypeStrategyTest,should_not_fail_for_non_frozen_tuple_udtValue,0.06
Achilles,info.archinnov.achilles.internals.strategy.FrozenNestedTypeStrategyTest,should_not_fail_for_non_frozen_map_tuple,0.044
Achilles,info.archinnov.achilles.internals.codegen.meta.EntityMetaCodeGenTest,should_build_entity_with_computed_column,3.018
Achilles,info.archinnov.achilles.internals.codegen.meta.EntityMetaCodeGenTest,should_build_entity_with_static_counter_column,0.263
Achilles,info.archinnov.achilles.internals.codegen.meta.EntityMetaCodeGenTest,should_fail_building_view_meta_with_counter_column,0.22
Achilles,info.archinnov.achilles.internals.codegen.meta.EntityMetaCodeGenTest,should_build_entity_with_custom_constructor,0.228
Achilles,info.archinnov.achilles.internals.codegen.meta.EntityMetaCodeGenTest,should_build_entity_with_implicit_field_parsing,0.207
Achilles,info.archinnov.achilles.internals.codegen.meta.EntityMetaCodeGenTest,should_fail_building_view_meta_with_entity_annotation,0.093
Achilles,info.archinnov.achilles.internals.codegen.meta.EntityMetaCodeGenTest,should_fail_building_class_with_static_without_clustering,0.082
Achilles,info.archinnov.achilles.internals.codegen.meta.EntityMetaCodeGenTest,should_fail_building_child_class_with_shadowed_field,0.064
Achilles,info.archinnov.achilles.internals.codegen.meta.EntityMetaCodeGenTest,should_build_entity_with_counter_column,0.113
Achilles,info.archinnov.achilles.internals.codegen.meta.EntityMetaCodeGenTest,should_build_entity_with_composite_partition_key,0.123
Achilles,info.archinnov.achilles.internals.codegen.meta.EntityMetaCodeGenTest,should_fail_building_abstract_class,0.081
Achilles,info.archinnov.achilles.internals.codegen.meta.EntityMetaCodeGenTest,should_fail_building_class_with_duplicated_cql_name,0.064
Achilles,info.archinnov.achilles.internals.codegen.meta.EntityMetaCodeGenTest,should_build_entity_with_complex_counter_types,0.138
Achilles,info.archinnov.achilles.internals.codegen.meta.EntityMetaCodeGenTest,should_build_entity_with_complex_indices,0.17
Achilles,info.archinnov.achilles.internals.codegen.meta.EntityMetaCodeGenTest,should_fail_building_class_with_wrong_composite_partition_key_order,0.208
Achilles,info.archinnov.achilles.internals.codegen.meta.EntityMetaCodeGenTest,should_build_entity_with_complex_types,0.595
Achilles,info.archinnov.achilles.internals.codegen.meta.EntityMetaCodeGenTest,should_build_inherited_entity,0.165
Achilles,info.archinnov.achilles.internals.codegen.meta.EntityMetaCodeGenTest,should_fail_building_view_meta_with_static_column,0.161
Achilles,info.archinnov.achilles.internals.codegen.meta.EntityMetaCodeGenTest,should_build_view_meta,0.145
Achilles,info.archinnov.achilles.internals.codegen.meta.EntityMetaCodeGenTest,should_build_entity_with_clustering_column,0.103
Achilles,info.archinnov.achilles.internals.codegen.meta.EntityMetaCodeGenTest,should_fail_building_class_with_wrong_computed_column,0.05
Achilles,info.archinnov.achilles.internals.codegen.meta.EntityMetaCodeGenTest,should_build_entity_with_static_column,0.073
Achilles,info.archinnov.achilles.internals.codegen.meta.EntityMetaCodeGenTest,should_build_entity_with_simple_partition_key,0.055
Achilles,info.archinnov.achilles.internals.codegen.meta.EntityMetaCodeGenTest,should_fail_building_view_meta_without_view_annotation,0.046
Achilles,info.archinnov.achilles.internals.codegen.meta.EntityMetaCodeGenTest,should_build_entity_with_static_annotations,0.093
Achilles,info.archinnov.achilles.internals.codegen.meta.EntityMetaCodeGenTest,should_fail_building_class_with_wrong_clustering_column_order,0.06
Achilles,info.archinnov.achilles.internals.codegen.meta.EntityMetaCodeGenTest,should_fail_building_class_with_no_public_constructor,0.044
Achilles,info.archinnov.achilles.internals.codegen.meta.EntityMetaCodeGenTest,should_build_entity_with_custom_constructor_with_declared_fields,0.061
Achilles,info.archinnov.achilles.internals.codegen.meta.EntityMetaCodeGenTest,should_fail_building_class_with_no_partition_key,0.037
Achilles,info.archinnov.achilles.internals.types.OverridingOptionalFinalTest,should_get_first_present_value,0.339
Achilles,info.archinnov.achilles.internals.types.OverridingOptionalFinalTest,should_get_default_value,0.002
Achilles,info.archinnov.achilles.internals.types.OverridingOptionalFinalTest,should_get_first_value,0.001
Achilles,info.archinnov.achilles.internals.parser.validator.cassandra3_0.BeanValidator3_0Test,should_fail_validating_view_without_base_entity,3.1
Achilles,info.archinnov.achilles.internals.parser.validator.cassandra3_0.BeanValidator3_0Test,should_fail_validating_view_because_missing_base_collection,0.33
Achilles,info.archinnov.achilles.internals.parser.validator.cassandra3_0.BeanValidator3_0Test,should_fail_validating_view_because_column_not_correct_type,0.256
Achilles,info.archinnov.achilles.internals.parser.validator.cassandra3_0.BeanValidator3_0Test,should_fail_validating_view_because_column_not_in_base,0.282
Achilles,info.archinnov.achilles.internals.parser.validator.cassandra3_0.BeanValidator3_0Test,should_validate_view_against_base_table,0.285
Achilles,info.archinnov.achilles.internals.parser.validator.cassandra3_0.BeanValidator3_0Test,should_fail_validating_view_because_missing_base_pk,0.163
Achilles,info.archinnov.achilles.internals.parser.validator.cassandra3_0.BeanValidator3_0Test,should_fail_validating_view_because_more_than_1_non_pk,0.133
Achilles,info.archinnov.achilles.internals.parser.FieldParserTest,should_fail_parsing_SASI_analyzed_but_SPARSE,2.789
Achilles,info.archinnov.achilles.internals.parser.FieldParserTest,should_fail_parsing_codec_from_registry,0.186
Achilles,info.archinnov.achilles.internals.parser.FieldParserTest,should_parse_tuple1,1.046
Achilles,info.archinnov.achilles.internals.parser.FieldParserTest,should_parse_tuple2,0.631
Achilles,info.archinnov.achilles.internals.parser.FieldParserTest,should_parse_tuple3,0.435
Achilles,info.archinnov.achilles.internals.parser.FieldParserTest,should_parse_tuple4,0.341
Achilles,info.archinnov.achilles.internals.parser.FieldParserTest,should_parse_tuple5,0.265
Achilles,info.archinnov.achilles.internals.parser.FieldParserTest,should_parse_tuple6,0.185
Achilles,info.archinnov.achilles.internals.parser.FieldParserTest,should_parse_tuple7,0.227
Achilles,info.archinnov.achilles.internals.parser.FieldParserTest,should_parse_tuple8,0.239
Achilles,info.archinnov.achilles.internals.parser.FieldParserTest,should_parse_tuple9,0.262
Achilles,info.archinnov.achilles.internals.parser.FieldParserTest,should_fail_parsing_wrongtimeuuid,0.141
Achilles,info.archinnov.achilles.internals.parser.FieldParserTest,should_parse_optional_string,0.162
Achilles,info.archinnov.achilles.internals.parser.FieldParserTest,should_parse_tuple_nesting,0.096
Achilles,info.archinnov.achilles.internals.parser.FieldParserTest,should_parse_computed_field_with_codec,0.091
Achilles,info.archinnov.achilles.internals.parser.FieldParserTest,should_parse_set_udt,0.164
Achilles,info.archinnov.achilles.internals.parser.FieldParserTest,should_parse_complex_nested_map,0.132
Achilles,info.archinnov.achilles.internals.parser.FieldParserTest,should_parse_primitive_boolean,0.084
Achilles,info.archinnov.achilles.internals.parser.FieldParserTest,should_parse_object_byte_array,0.099
Achilles,info.archinnov.achilles.internals.parser.FieldParserTest,should_fail_parsing_static_column_in_udt,0.054
Achilles,info.archinnov.achilles.internals.parser.FieldParserTest,should_fail_parsing_SASI_standardAnalyzer_But_NotAnalyzed,0.05
Achilles,info.archinnov.achilles.internals.parser.FieldParserTest,should_parse_timeuuid,0.103
Achilles,info.archinnov.achilles.internals.parser.FieldParserTest,should_parse_json_map,0.107
Achilles,info.archinnov.achilles.internals.parser.FieldParserTest,should_parse_enumerated_type,0.214
Achilles,info.archinnov.achilles.internals.parser.FieldParserTest,should_parse_list_nesting,0.196
Achilles,info.archinnov.achilles.internals.parser.FieldParserTest,should_fail_parsing_non_frozen_nested_udt,0.082
Achilles,info.archinnov.achilles.internals.parser.FieldParserTest,should_parse_list_optional_string,0.089
Achilles,info.archinnov.achilles.internals.parser.FieldParserTest,should_fail_parsing_SASI_stemming_But_NonTokeninzingAnalyzer,0.043
Achilles,info.archinnov.achilles.internals.parser.FieldParserTest,should_parse_nested_tuple,0.09
Achilles,info.archinnov.achilles.internals.parser.FieldParserTest,should_parse_enumerated_codec_from_registry,0.098
Achilles,info.archinnov.achilles.internals.parser.FieldParserTest,should_parse_json_type,0.087
Achilles,info.archinnov.achilles.internals.parser.FieldParserTest,should_parse_optional_protocol_version_from_codec_registry,0.188
Achilles,info.archinnov.achilles.internals.parser.FieldParserTest,should_fail_parsing_SASI_lowercase_But_NotAnalyzed,0.048
Achilles,info.archinnov.achilles.internals.parser.FieldParserTest,should_fail_parsing_SASI_lowercase_But_NoAnalyzer,0.034
Achilles,info.archinnov.achilles.internals.parser.FieldParserTest,should_parse_tuple10,0.078
Achilles,info.archinnov.achilles.internals.parser.FieldParserTest,should_parse_codec_from_registry,0.07
Achilles,info.archinnov.achilles.internals.parser.FieldParserTest,should_parse_jdk8_local_date,0.075
Achilles,info.archinnov.achilles.internals.parser.FieldParserTest,should_parse_jdk8_local_time,0.06
Achilles,info.archinnov.achilles.internals.parser.FieldParserTest,should_parse_optional_protocol_version_from_inline_codec,0.087
Achilles,info.archinnov.achilles.internals.parser.FieldParserTest,should_parse_jdk8_zoned_date_time,0.077
Achilles,info.archinnov.achilles.internals.parser.FieldParserTest,should_fail_parsing_non_frozen_collection_in_udt,0.073
Achilles,info.archinnov.achilles.internals.parser.FieldParserTest,should_fail_parsing_SASI_lowercase_But_SPARSE,0.117
Achilles,info.archinnov.achilles.internals.parser.FieldParserTest,should_parse_set_nesting,0.104
Achilles,info.archinnov.achilles.internals.parser.FieldParserTest,should_parse_map_of_double_array,0.065
Achilles,info.archinnov.achilles.internals.parser.FieldParserTest,should_parse_map_with_nested_json,0.062
Achilles,info.archinnov.achilles.internals.parser.FieldParserTest,should_fail_parsing_SASI_on_list,0.039
Achilles,info.archinnov.achilles.internals.parser.FieldParserTest,should_fail_parsing_SASI_analyzed_but_not_string,0.043
Achilles,info.archinnov.achilles.internals.parser.FieldParserTest,should_fail_parsing_SASI_stemming_But_NotAnalyzed,0.034
Achilles,info.archinnov.achilles.internals.parser.FieldParserTest,should_parse_enumerated_set_type,0.147
Achilles,info.archinnov.achilles.internals.parser.FieldParserTest,should_parse_ascii,0.131
Achilles,info.archinnov.achilles.internals.parser.FieldParserTest,should_fail_parsing_counter_in_udt,0.068
Achilles,info.archinnov.achilles.internals.parser.FieldParserTest,should_parse_computed_field,0.066
Achilles,info.archinnov.achilles.internals.parser.FieldParserTest,should_parse_non_frozen_udt,0.061
Achilles,info.archinnov.achilles.internals.parser.FieldParserTest,should_fail_parsing_SASI_standardAnalyzer_Not_String,0.038
Achilles,info.archinnov.achilles.internals.parser.FieldParserTest,should_fail_parsing_SASI_standardAnalyzer_But_SPARSE,0.031
Achilles,info.archinnov.achilles.internals.parser.FieldParserTest,should_parse_object_boolean,0.049
Achilles,info.archinnov.achilles.internals.parser.FieldParserTest,should_parse_string_type,0.054
Achilles,info.archinnov.achilles.internals.parser.FieldParserTest,should_parse_runtime_codec,0.053
Achilles,info.archinnov.achilles.internals.parser.FieldParserTest,should_fail_parsing_wrongascii,0.038
Achilles,info.archinnov.achilles.internals.parser.FieldParserTest,should_parse_transformed_type,0.105
Achilles,info.archinnov.achilles.internals.parser.FieldParserTest,should_parse_simple_codec_from_registry,0.143
Achilles,info.archinnov.achilles.internals.parser.FieldParserTest,should_parse_codec_overriding_registry,0.083
Achilles,info.archinnov.achilles.internals.parser.FieldParserTest,should_parse_nested_int_array,0.051
Achilles,info.archinnov.achilles.internals.parser.FieldParserTest,should_parse_map_udt,0.057
Achilles,info.archinnov.achilles.internals.parser.FieldParserTest,should_parse_nested_udt,0.095
Achilles,info.archinnov.achilles.internals.parser.FieldParserTest,should_fail_parsing_clustering_column_in_udt,0.036
Achilles,info.archinnov.achilles.internals.parser.FieldParserTest,should_fail_parsing_SASI_SPARSE_But_String,0.026
Achilles,info.archinnov.achilles.internals.parser.FieldParserTest,should_parse_field_with_case_sensitive_overriden_name,0.056
Achilles,info.archinnov.achilles.internals.parser.FieldParserTest,should_parse_primitive_byte_array,0.052
Achilles,info.archinnov.achilles.internals.parser.FieldParserTest,should_fail_parsing_partition_key_in_udt,0.046
Achilles,info.archinnov.achilles.internals.parser.FieldParserTest,should_fail_parsing_SASI_on_map,0.068
Achilles,info.archinnov.achilles.internals.parser.FieldParserTest,should_fail_parsing_SASI_on_set,0.09
Achilles,info.archinnov.achilles.internals.parser.FieldParserTest,should_fail_parsing_SASI_lowercase_But_Not_String,0.039
Achilles,info.archinnov.achilles.internals.parser.FieldParserTest,should_parse_udt,0.15
Achilles,info.archinnov.achilles.internals.parser.FieldParserTest,should_parse_jdk8_instant,0.066
Achilles,info.archinnov.achilles.internals.parser.FieldParserTest,should_fail_parsing_SASI_analyzed_but_NoOpAnalyzer,0.034
Achilles,info.archinnov.achilles.internals.parser.FieldParserTest,should_parse_map_nesting,0.065
Achilles,info.archinnov.achilles.internals.parser.FieldParserTest,should_parse_json_codec_from_registry,0.059
Achilles,info.archinnov.achilles.internals.parser.FieldParserTest,should_fail_parsing_SASI_stemming_But_SPARSE,0.039
Achilles,info.archinnov.achilles.internals.parser.FieldParserTest,should_fail_parsing_SASI_stemming_But_NotString,0.034
Achilles,info.archinnov.achilles.internals.parser.FieldParserTest,should_parse_list_udt,0.062
Achilles,info.archinnov.achilles.internals.codegen.dsl.select.SelectDSLCodeGenTest,should_generate_select_dsl_class_for_udt_as_clustering,3.151
Achilles,info.archinnov.achilles.internals.codegen.meta.UDTMetaCodeGenTest,should_generate_udt_property_class,2.819
Achilles,info.archinnov.achilles.internals.codegen.meta.UDTMetaCodeGenTest,should_generate_udt_with_custom_constructor_property_class,0.339
Achilles,info.archinnov.achilles.internals.parser.FieldInfoParserTest,should_fail_if_both_clustering_and_static_column,2.565
Achilles,info.archinnov.achilles.internals.parser.FieldInfoParserTest,should_build_clustering_column_info,0.673
Achilles,info.archinnov.achilles.internals.parser.FieldInfoParserTest,should_build_clustering_column_type,0.329
Achilles,info.archinnov.achilles.internals.parser.FieldInfoParserTest,should_build_udt_index_info,0.83
Achilles,info.archinnov.achilles.internals.parser.FieldInfoParserTest,should_generate_field_info_for_primitiveBoolean,0.327
Achilles,info.archinnov.achilles.internals.parser.FieldInfoParserTest,should_generate_field_info_for_map,0.264
Achilles,info.archinnov.achilles.internals.parser.FieldInfoParserTest,should_build_counter_column_type,0.182
Achilles,info.archinnov.achilles.internals.parser.FieldInfoParserTest,should_fail_if_partition_key_order_zero,0.09
Achilles,info.archinnov.achilles.internals.parser.FieldInfoParserTest,should_build_list_index_info,0.122
Achilles,info.archinnov.achilles.internals.parser.FieldInfoParserTest,should_generate_field_info_for_UpperCase,0.151
Achilles,info.archinnov.achilles.internals.parser.FieldInfoParserTest,should_generate_field_info_for_consistencyLevel,0.128
Achilles,info.archinnov.achilles.internals.parser.FieldInfoParserTest,should_build_map_entry_index_info,0.133
Achilles,info.archinnov.achilles.internals.parser.FieldInfoParserTest,should_fail_if_both_partition_and_static_column,0.052
Achilles,info.archinnov.achilles.internals.parser.FieldInfoParserTest,should_fail_compilation_when_no_getter,0.066
Achilles,info.archinnov.achilles.internals.parser.FieldInfoParserTest,should_fail_if_both_partition_and_clustering_column,0.053
Achilles,info.archinnov.achilles.internals.parser.FieldInfoParserTest,should_fail_if_clustering_column_order_zero,0.053
Achilles,info.archinnov.achilles.internals.parser.FieldInfoParserTest,should_fail_compilation_when_no_setter,0.056
Achilles,info.archinnov.achilles.internals.parser.FieldInfoParserTest,should_fail_if_both_partition_and_computed_column,0.052
Achilles,info.archinnov.achilles.internals.parser.FieldInfoParserTest,should_build_static_column_info,0.17
Achilles,info.archinnov.achilles.internals.parser.FieldInfoParserTest,should_build_static_column_type,0.118
Achilles,info.archinnov.achilles.internals.parser.FieldInfoParserTest,should_fail_compilation_when_no_suitable_setter,0.052
Achilles,info.archinnov.achilles.internals.parser.FieldInfoParserTest,should_generate_field_info_for_column_with_no_setter,0.081
Achilles,info.archinnov.achilles.internals.parser.FieldInfoParserTest,should_build_list_not_index_info,0.078
Achilles,info.archinnov.achilles.internals.parser.FieldInfoParserTest,should_build_not_indexed_map_index_info,0.092
Achilles,info.archinnov.achilles.internals.parser.FieldInfoParserTest,should_fail_if_both_static_and_computed_column,0.107
Achilles,info.archinnov.achilles.internals.parser.FieldInfoParserTest,should_build_map_key_index_info,0.109
Achilles,info.archinnov.achilles.internals.parser.FieldInfoParserTest,should_build_not_indexed_column_index_info,0.065
Achilles,info.archinnov.achilles.internals.parser.FieldInfoParserTest,should_build_list_nested_index_info,0.052
Achilles,info.archinnov.achilles.internals.parser.FieldInfoParserTest,should_generate_field_info_for_public_final_columns,0.068
Achilles,info.archinnov.achilles.internals.parser.FieldInfoParserTest,should_generate_field_info_for_objectBoolean,0.065
Achilles,info.archinnov.achilles.internals.parser.FieldInfoParserTest,should_build_map_value_index_info,0.066
Achilles,info.archinnov.achilles.internals.parser.FieldInfoParserTest,should_build_static_counter_column_type,0.081
Achilles,info.archinnov.achilles.internals.parser.FieldInfoParserTest,should_build_normal_column_info,0.08
Achilles,info.archinnov.achilles.internals.parser.FieldInfoParserTest,should_build_normal_column_type,0.074
Achilles,info.archinnov.achilles.internals.parser.FieldInfoParserTest,should_build_frozen_list_index_info,0.078
Achilles,info.archinnov.achilles.internals.parser.FieldInfoParserTest,should_build_partition_column_info,0.07
Achilles,info.archinnov.achilles.internals.parser.FieldInfoParserTest,should_build_partition_column_type,0.053
Achilles,info.archinnov.achilles.internals.parser.FieldInfoParserTest,should_fail_building_map_with_multiple_indices,0.041
Achilles,info.archinnov.achilles.internals.parser.FieldInfoParserTest,should_build_frozen_column_info,0.1
Achilles,info.archinnov.achilles.internals.parser.FieldInfoParserTest,should_fail_if_both_clustering_and_computed_column,0.04
Achilles,info.archinnov.achilles.internals.parser.FieldInfoParserTest,should_build_computed_column_info,0.061
Achilles,info.archinnov.achilles.internals.parser.FieldInfoParserTest,should_build_computed_column_type,0.051
Achilles,info.archinnov.achilles.internals.strategy.naming.SnakeCaseNamingTest,should_return_snake_case,0.267
Achilles,info.archinnov.achilles.internals.strategy.naming.SnakeCaseNamingTest,should_return_blank_name,0.001
Achilles,info.archinnov.achilles.internals.strategy.naming.SnakeCaseNamingTest,should_return_blank_name_on_null,0.0
Achilles,info.archinnov.achilles.internals.parser.validator.BeanValidatorTest,should_fail_validating_class_with_two_custom_constructors,1.81
Achilles,info.archinnov.achilles.internals.parser.validator.BeanValidatorTest,should_fail_validating_class_without_default_constructor,0.122
Achilles,info.archinnov.achilles.internals.parser.validator.BeanValidatorTest,should_fail_validating_an_abstract_class,0.069
Achilles,info.archinnov.achilles.internals.parser.validator.BeanValidatorTest,should_validate_entity_with_EntityCreator_constructor,0.425
Achilles,info.archinnov.achilles.internals.parser.validator.BeanValidatorTest,should_fail_validating_an_interface,0.102
Achilles,info.archinnov.achilles.internals.parser.validator.BeanValidatorTest,should_validate_immutable_entity,0.122
Achilles,info.archinnov.achilles.internals.codegen.index.IndexSelectDSLCodeGenTest,should_generate_indexed_select_dsl_class_with_udt,3.008
Achilles,info.archinnov.achilles.internals.parser.CodecFactoryTest,should_create_codec_for_json,3.593
Achilles,info.archinnov.achilles.internals.parser.CodecFactoryTest,should_fail_creating_JavaType_for_wildcard_type,0.381
Achilles,info.archinnov.achilles.internals.parser.CodecFactoryTest,should_fail_creating_codec_for_computed_if_target_type_not_matched,0.299
Achilles,info.archinnov.achilles.internals.parser.CodecFactoryTest,should_create_codec_for_string,0.431
Achilles,info.archinnov.achilles.internals.parser.CodecFactoryTest,should_create_codec_for_object_byte,0.289
Achilles,info.archinnov.achilles.internals.parser.CodecFactoryTest,should_create_codec_for_enumerated,0.238
Achilles,info.archinnov.achilles.internals.parser.CodecFactoryTest,should_create_codec_for_object_byte_array,0.292
Achilles,info.archinnov.achilles.internals.parser.CodecFactoryTest,should_create_codec_for_transformed_int,0.225
Achilles,info.archinnov.achilles.internals.parser.CodecFactoryTest,should_create_codec_for_json_map,0.251
Achilles,info.archinnov.achilles.internals.parser.CodecFactoryTest,should_create_native_codec_for_counter,0.143
Achilles,info.archinnov.achilles.internals.parser.CodecFactoryTest,should_create_codec_for_primitive_byte,0.165
Achilles,info.archinnov.achilles.internals.parser.CodecFactoryTest,should_create_native_codec_for_computed,0.194
Achilles,info.archinnov.achilles.internals.parser.CodecFactoryTest,should_create_custom_codec_for_counter,0.1
Achilles,info.archinnov.achilles.internals.parser.CodecFactoryTest,should_fail_create_custom_codec_for_counter_if_target_type_not_matched,0.065
Achilles,info.archinnov.achilles.internals.parser.CodecFactoryTest,should_create_codec_for_primitive_byte_array,0.079
Achilles,info.archinnov.achilles.internals.parser.CodecFactoryTest,should_create_codec_for_computed,0.089
Achilles,info.archinnov.achilles.internals.parser.CodecFactoryTest,should_create_JavaType_for_simple_type,0.06
Achilles,info.archinnov.achilles.internals.parser.CodecFactoryTest,should_create_JavaType_for_parameterized_type,0.1
Achilles,info.archinnov.achilles.internals.parser.CodecFactoryTest,should_create_JavaType_for_array_type,0.124
Achilles,info.archinnov.achilles.internals.parser.CodecFactoryTest,should_fail_creating_native_codec_for_computed_if_target_type_not_matched,0.193
Achilles,info.archinnov.achilles.type.TypedMapTest,should_build_typed_map_from_source,0.125
Achilles,info.archinnov.achilles.internals.strategy.naming.CaseSensitiveNamingTest,should_return_case_sensitive,0.198
Achilles,info.archinnov.achilles.internals.strategy.naming.CaseSensitiveNamingTest,should_return_blank_name,0.002
Achilles,info.archinnov.achilles.internals.strategy.naming.CaseSensitiveNamingTest,should_return_blank_name_on_null,0.002
Achilles,info.archinnov.achilles.script.ScriptExecutorTest,should_build_statements_from_lines,1.197
Achilles,info.archinnov.achilles.script.ScriptExecutorTest,should_load_script_as_lines,0.037
Achilles,info.archinnov.achilles.script.ScriptExecutorTest,should_execute_script,0.044
Achilles,info.archinnov.achilles.script.ScriptExecutorTest,should_build_batch_statements_from_lines,0.001
Achilles,info.archinnov.achilles.script.ScriptExecutorTest,should_build_create_function_statements_from_lines_syntax_1,0.002
Achilles,info.archinnov.achilles.script.ScriptExecutorTest,should_build_create_function_statements_from_lines_syntax_2,0.0
Achilles,info.archinnov.achilles.script.ScriptExecutorTest,should_build_create_function_statements_from_lines_syntax_3,0.001
Achilles,info.archinnov.achilles.script.ScriptExecutorTest,should_build_create_function_statements_from_lines_syntax_4,0.001
Achilles,info.archinnov.achilles.it.TestEntityWithSASIIndices,should_search_using_eq_non_tokenizer,15.438
Achilles,info.archinnov.achilles.it.TestEntityWithSASIIndices,should_search_using_like_non_tokenizer,0.411
Achilles,info.archinnov.achilles.it.TestEntityWithSASIIndices,should_search_using_end_with,0.347
Achilles,info.archinnov.achilles.it.TestEntityWithSASIIndices,should_search_using_like,0.313
Achilles,info.archinnov.achilles.it.TestEntityWithSASIIndices,should_search_using_prefix_non_tokenizer,0.441
Achilles,info.archinnov.achilles.it.TestEntityWithSASIIndices,should_search_using_contains,0.184
Achilles,info.archinnov.achilles.it.TestMultiClusteringEntityIT,should_delete_with_slice_on_last_clustering,15.477
Achilles,info.archinnov.achilles.it.TestMultiClusteringEntityIT,should_delete_by_partition_only,0.313
Achilles,info.archinnov.achilles.it.TestMultiClusteringEntityIT,should_delete_with_IN_clause_on_first_clustering,0.336
Achilles,info.archinnov.achilles.it.TestMultiClusteringEntityIT,should_delete_with_IN_clause_on_last_clustering,0.319
Achilles,info.archinnov.achilles.it.TestMultiClusteringEntityIT,should_update_with_IN_clause_on_last_clustering,0.392
Achilles,info.archinnov.achilles.it.TestMultiClusteringEntityIT,should_delete_with_IN_clause_on_all_clusterings,0.165
Achilles,info.archinnov.achilles.it.TestMultiClusteringEntityIT,should_delete_by_partition_and_first_clustering_column_range,0.327
Achilles,info.archinnov.achilles.it.TestMultiClusteringEntityIT,should_update_with_IN_clause_on_first_clustering,0.226
Achilles,info.archinnov.achilles.it.TestMultiClusteringEntityIT,should_update_with_IN_clause_on_all_clusterings,0.279
Achilles,info.archinnov.achilles.it.TestMultiClusteringEntityIT,should_delete_by_partition_and_first_clustering_column_only,0.179
Achilles,info.archinnov.achilles.it.TestMultiClusteringEntityIT,should_delete_with_slice_on_first_clustering,0.217
Achilles,info.archinnov.achilles.it.TestMultiClusteringEntityIT,should_delete_with_multi_columns_slice,0.365
Achilles,info.archinnov.achilles.it.TestViewSensorByType,should_native_query,14.006
Achilles,info.archinnov.achilles.it.TestViewSensorByType,should_select_by_slice,0.628
Achilles,info.archinnov.achilles.it.TestViewSensorByType,should_find_by_id,0.238
Achilles,info.archinnov.achilles.it.TestViewSensorByType,should_fail_if_mutation_statement_for_view,0.318
Achilles,info.archinnov.achilles.it.TestViewSensorByType,should_typed_query,0.418
Achilles,info.archinnov.achilles.it.TestFunctionCallsWithLiteralValuesIT,should_chain_function_calls_with_literal_value,15.395
Achilles,info.archinnov.achilles.it.TestFunctionCallsWithLiteralValuesIT,should_call_aggregate_with_literal_values,0.461
Achilles,info.archinnov.achilles.it.TestFunctionCallsWithLiteralValuesIT,should_call_textToLong_with_literal_value,0.22
Achilles,info.archinnov.achilles.it.TestEntityWithClusteringIT,should_select_with_allow_per_partition_limit,13.441
Achilles,info.archinnov.achilles.it.TestEntityWithNonFrozenUDTIT,should_update_udt_fields,14.518
Achilles,info.archinnov.achilles.it.TestSchemaGenerator,should_build_schema_for_entity_with_composite_partition_key,1.112
Achilles,info.archinnov.achilles.it.TestSchemaGenerator,should_use_schema_generator_and_append_to_string,1.755
Achilles,info.archinnov.achilles.it.TestSchemaGenerator,should_use_schema_generator,0.113
Achilles,info.archinnov.achilles.it.TestSchemaGenerator,should_build_schema_for_complex_counter,0.003
Achilles,info.archinnov.achilles.it.TestSchemaGenerator,should_build_schema_for_entity_with_clustering_columns,0.001
Achilles,info.archinnov.achilles.it.TestSchemaGenerator,should_build_schema_for_simple_entity,0.001
Achilles,info.archinnov.achilles.it.TestSchemaGenerator,should_build_schema_for_view,0.024
Achilles,info.archinnov.achilles.it.TestSchemaGenerator,should_build_schema_for_entity_with_static_column,0.004
Achilles,info.archinnov.achilles.it.TestSchemaGenerator,should_build_schema_for_complex_indices,0.001
Achilles,info.archinnov.achilles.it.TestSchemaGenerator,should_build_schema_for_entity_with_simple_partition_key,0.001
Achilles,info.archinnov.achilles.it.TestSchemaGenerator,should_build_schema_for_child_entity,0.002
Achilles,info.archinnov.achilles.it.TestSchemaGenerator,should_build_schema_for_complex_types,0.003
Achilles,info.archinnov.achilles.it.TestSchemaGenerator,should_build_schema_for_entity_with_static_counter_column,0.004
Achilles,info.archinnov.achilles.it.TestSchemaGenerator,should_build_schema_for_entity_with_static_annotations,0.001
Achilles,info.archinnov.achilles.it.TestSchemaGenerator,should_build_schema_for_entity_with_counter_column,0.002
Achilles,info.archinnov.achilles.it.TestSchemaGenerator,should_build_schema_for_udt,0.003
Achilles,info.archinnov.achilles.it.TestEntityWithDurationTypeIT,should_insert,13.556
Achilles,info.archinnov.achilles.it.TestEntityWithDurationTypeIT,should_find_by_id,0.322
Achilles,info.archinnov.achilles.it.TestEntityWithDurationTypeIT,should_dsl_select,0.416
Achilles,info.archinnov.achilles.it.TestUdtWithCaseSensitiveUDTIT,should_validate_schema,14.632
Achilles,info.archinnov.achilles.it.TestEntityForGroupByIT,should_select_sum_with_group_by_first_and_second_clustering,13.288
Achilles,info.archinnov.achilles.it.TestEntityForGroupByIT,should_select_using_token_function,0.573
Achilles,info.archinnov.achilles.it.TestEntityForGroupByIT,should_select_sum_group_by_partition_keys_and_one_clustering,0.344
Achilles,info.archinnov.achilles.it.TestEntityForGroupByIT,should_select_sum_with_group_by_second_clustering,0.339
Achilles,info.archinnov.achilles.it.TestEntityForGroupByIT,should_select_sum_with_group_by_first_clustering,0.261
Achilles,info.archinnov.achilles.it.TestEntityForGroupByIT,should_select_sum_group_by_partition_keys,0.317
Achilles,info.archinnov.achilles.embedded.CassandraEmbeddedServerBuilderTest,should_start_embedded_server_with_listen_and_rpc_address,17.795
Achilles,info.archinnov.achilles.embedded.PortFinderTest,try_to_find_first_port,0.238
Achilles,info.archinnov.achilles.it.bugs.TestEntityWithNonExistingKeyspaceIT,should_fail_if_entity_keyspace_does_not_exist,12.812
Achilles,info.archinnov.achilles.it.bugs.TestEntityWithByteBufferTypeIT,should_support_bytebuffer_type,13.493
Achilles,info.archinnov.achilles.it.bugs.ConsistencyLevelOrderingIT,should_override_cluster_consistency_config_by_achilles_consistency_setting,15.063
Achilles,info.archinnov.achilles.it.bugs.ConsistencyLevelOrderingIT,should_override_static_consistency_setting_by_runtime_value,0.385
Achilles,info.archinnov.achilles.it.bugs.ConsistencyLevelOrderingIT,should_override_cluster_consistency_level_by_consistency_level_map_value,0.429
Achilles,info.archinnov.achilles.it.bugs.ConsistencyLevelOrderingIT,should_override_consistency_level_map_value_by_static_consistency_setting,0.339
Achilles,info.archinnov.achilles.it.bugs.TestDSLUpdateWithTTLAndTimestamp,should_dsl_update_with_ttl,16.05
Achilles,info.archinnov.achilles.it.bugs.NativeCollectionsCodecIT,should_insert_list_long,14.109
Achilles,info.archinnov.achilles.it.TestDSLSimpleEntity,should_dsl_select_with_iterator,14.573
Achilles,info.archinnov.achilles.it.TestDSLSimpleEntity,should_dsl_update_list_appendAll,0.477
Achilles,info.archinnov.achilles.it.TestDSLSimpleEntity,should_dsl_delete_if_exists,0.342
Achilles,info.archinnov.achilles.it.TestDSLSimpleEntity,should_dsl_select_slice,0.519
Achilles,info.archinnov.achilles.it.TestDSLSimpleEntity,should_dsl_update_list_append,0.299
Achilles,info.archinnov.achilles.it.TestDSLSimpleEntity,should_dsl_select_using_schema_name_provider,0.548
Achilles,info.archinnov.achilles.it.TestDSLSimpleEntity,should_dsl_select_with_token_value,0.223
Achilles,info.archinnov.achilles.it.TestDSLSimpleEntity,should_dsl_select_with_options,0.556
Achilles,info.archinnov.achilles.it.TestDSLSimpleEntity,should_dsl_select_one,0.178
Achilles,info.archinnov.achilles.it.TestDSLSimpleEntity,should_dsl_update_set_addAll,0.259
Achilles,info.archinnov.achilles.it.TestDSLSimpleEntity,should_dsl_update_list_set,0.273
Achilles,info.archinnov.achilles.it.TestDSLSimpleEntity,should_dsl_update_set_setValue,0.17
Achilles,info.archinnov.achilles.it.TestDSLSimpleEntity,should_dsl_update_set_remove,0.153
Achilles,info.archinnov.achilles.it.TestDSLSimpleEntity,should_dsl_update_value_if_equal,0.472
Achilles,info.archinnov.achilles.it.TestDSLSimpleEntity,should_dsl_update_list_setAtIndex,0.179
Achilles,info.archinnov.achilles.it.TestDSLSimpleEntity,should_dsl_update_map_removeByKey,0.104
Achilles,info.archinnov.achilles.it.TestDSLSimpleEntity,should_dsl_select_with_double_IN,0.325
Achilles,info.archinnov.achilles.it.TestDSLSimpleEntity,should_dsl_update_map_put,0.334
Achilles,info.archinnov.achilles.it.TestDSLSimpleEntity,should_dsl_update_map_set,0.218
Achilles,info.archinnov.achilles.it.TestDSLSimpleEntity,should_dsl_update_value_if_exists,0.246
Achilles,info.archinnov.achilles.it.TestDSLSimpleEntity,should_dsl_update_set_removeAll,0.158
Achilles,info.archinnov.achilles.it.TestDSLSimpleEntity,should_dsl_delete_with_execution_info,0.293
Achilles,info.archinnov.achilles.it.TestDSLSimpleEntity,should_dsl_update_list_removeAtIndex,0.337
Achilles,info.archinnov.achilles.it.TestDSLSimpleEntity,should_dsl_update_list_prependAll,0.129
Achilles,info.archinnov.achilles.it.TestDSLSimpleEntity,should_dsl_delete,0.124
Achilles,info.archinnov.achilles.it.TestDSLSimpleEntity,should_dsl_update_map_addAll,0.112
Achilles,info.archinnov.achilles.it.TestDSLSimpleEntity,should_dsl_update_with_schema_name,0.574
Achilles,info.archinnov.achilles.it.TestDSLSimpleEntity,should_dsl_update_generate_query_string_and_encoded_values,0.104
Achilles,info.archinnov.achilles.it.TestDSLSimpleEntity,should_dsl_update_set_add,0.166
Achilles,info.archinnov.achilles.it.TestDSLSimpleEntity,should_dsl_update_value_with_execution_info,0.116
Achilles,info.archinnov.achilles.it.TestDSLSimpleEntity,should_dsl_select_slice_with_execution_info,0.465
Achilles,info.archinnov.achilles.it.TestDSLSimpleEntity,should_dsl_update_list_remove_single,0.19
Achilles,info.archinnov.achilles.it.TestDSLSimpleEntity,should_dsl_update_list_prepend,0.153
Achilles,info.archinnov.achilles.it.TestDSLSimpleEntity,should_dsl_delete_generate_query_string_and_encoded_values,0.072
Achilles,info.archinnov.achilles.it.TestDSLSimpleEntity,should_dsl_update_list_removeAll,0.245
Achilles,info.archinnov.achilles.it.TestDSLSimpleEntity,should_dsl_delete_with_options,0.298
Achilles,info.archinnov.achilles.it.TestDSLSimpleEntity,should_dsl_select_generate_query_string_and_encoded_values,0.261
Achilles,info.archinnov.achilles.it.TestDSLSimpleEntity,should_dsl_update_with_options,0.236
Achilles,info.archinnov.achilles.it.TestDSLSimpleEntity,should_dsl_delete_with_schema_name,0.312
Achilles,info.archinnov.achilles.it.TestALLEntityAsChild,should_dsl_select_one,13.047
Achilles,info.archinnov.achilles.it.TestALLEntityAsChild,should_delete_by_id,0.257
Achilles,info.archinnov.achilles.it.TestALLEntityAsChild,should_delete_entity_generate_query_and_bound_values,0.308
Achilles,info.archinnov.achilles.it.TestALLEntityAsChild,should_insert,0.272
Achilles,info.archinnov.achilles.it.TestALLEntityAsChild,should_find_by_id,0.236
Achilles,info.archinnov.achilles.it.TestALLEntityAsChild,should_dsl_delete,0.22
Achilles,info.archinnov.achilles.it.TestALLEntityAsChild,should_dsl_update_child_value,0.277
Achilles,info.archinnov.achilles.it.TestALLEntityAsChild,should_insert_generate_query_and_bound_values,0.149
Achilles,info.archinnov.achilles.it.bugs.TestEntityWithCaseSensitivePKIT,should_dsl_select_with_token_value,14.054
Achilles,info.archinnov.achilles.it.bugs.TestEntityWithCaseSensitivePKIT,should_insert_and_find,0.306
Achilles,info.archinnov.achilles.it.bugs.TestEntityWithCaseSensitivePKIT,should_insert_and_delete,0.274
Achilles,info.archinnov.achilles.it.bugs.TestEntityWithCaseSensitivePKIT,should_dsl_delete,0.416
Achilles,info.archinnov.achilles.it.bugs.TestEntityWithCaseSensitivePKIT,should_dsl_select,0.249
Achilles,info.archinnov.achilles.it.bugs.TestEntityWithCaseSensitivePKIT,should_dsl_update,0.315
Achilles,info.archinnov.achilles.it.bugs.TestEntityWithCaseSensitivePKIT,should_dsl_select_with_tuple_relations,0.19
Achilles,info.archinnov.achilles.it.TestEntityWithCustomConstructor,should_dsl_select_one,13.533
Achilles,info.archinnov.achilles.it.TestEntityWithCustomConstructor,should_find_by_id,0.323
Achilles,info.archinnov.achilles.it.TestEntityWithCustomConstructor,should_typed_query,0.328
Achilles,info.archinnov.achilles.it.TestEntityWithStaticCounterColumn,should_dsl_update_static,15.04
Achilles,info.archinnov.achilles.it.TestEntityWithStaticCounterColumn,should_delete_by_id,0.971
Achilles,info.archinnov.achilles.it.TestEntityWithStaticCounterColumn,should_find,0.218
Achilles,info.archinnov.achilles.it.TestEntityWithStaticCounterColumn,should_delete_instance,0.324
Achilles,info.archinnov.achilles.it.TestEntityWithStaticCounterColumn,should_dsl_delete_static,0.344
Achilles,info.archinnov.achilles.it.TestTypedQueries,should_perform_regular_typed_query,13.888
Achilles,info.archinnov.achilles.it.TestTypedQueries,should_fail_regular_typed_query_if_not_SELECT_statement,0.245
Achilles,info.archinnov.achilles.it.TestTypedQueries,should_iterate_regular_typed_query,0.436
Achilles,info.archinnov.achilles.it.TestTypedQueries,should_perform_bound_statement_typed_query,0.283
Achilles,info.archinnov.achilles.it.TestTypedQueries,should_limit_displayed_returned_results,0.276
Achilles,info.archinnov.achilles.it.TestTypedQueries,should_fail_regular_typed_query_if_table_not_correspond,0.199
Achilles,info.archinnov.achilles.it.TestTypedQueries,should_perform_prepared_typed_query,0.164
Achilles,info.archinnov.achilles.it.bugs.TestOverridingSchemaNameProvider,should_dsl_update_using_runtime_schema_name,15.815
Achilles,info.archinnov.achilles.it.bugs.TestOverridingSchemaNameProvider,should_dsl_select_using_runtime_schema_name,0.463
Achilles,info.archinnov.achilles.it.bugs.TestOverridingSchemaNameProvider,should_delete_using_runtime_schema_name,0.538
Achilles,info.archinnov.achilles.it.bugs.TestOverridingSchemaNameProvider,should_find_using_default_schema_name,0.183
Achilles,info.archinnov.achilles.it.bugs.TestOverridingSchemaNameProvider,should_insert_with_default_schema_name_provider,0.371
Achilles,info.archinnov.achilles.it.bugs.TestOverridingSchemaNameProvider,should_dsl_delete_using_default_schema_name,0.301
Achilles,info.archinnov.achilles.it.bugs.TestOverridingSchemaNameProvider,should_insert_with_overriden_schema_name_provider,0.213
Achilles,info.archinnov.achilles.it.bugs.TestOverridingSchemaNameProvider,should_dsl_update_using_default_schema_name,0.332
Achilles,info.archinnov.achilles.it.bugs.TestOverridingSchemaNameProvider,should_dsl_select_using_default_schema_name,0.225
Achilles,info.archinnov.achilles.it.bugs.TestOverridingSchemaNameProvider,should_find_using_runtime_schema_name,0.162
Achilles,info.archinnov.achilles.it.bugs.TestOverridingSchemaNameProvider,should_delete_using_default_schema_name,0.305
Achilles,info.archinnov.achilles.it.bugs.TestOverridingSchemaNameProvider,should_dsl_delete_using_runtime_schema_name,0.184
Achilles,info.archinnov.achilles.it.bugs.TestEntityHavingUDTWithNoKeyspaceIT,should_bootstrap_achilles_correctly,14.092
Achilles,info.archinnov.achilles.it.bugs.TestCopyAllOptionsFromRegularStatementForTypedQuery,should_use_type_query_with_fetch_size,14.326
Achilles,info.archinnov.achilles.it.TestEntityWithComplexTuple,should_find,0.191
Achilles,info.archinnov.achilles.it.TestEntityWithComplexTuple,should_insert,0.047
Achilles,info.archinnov.achilles.it.TestAsyncDSLSimpleEntity,should_dsl_select_slice_async,14.103
Achilles,info.archinnov.achilles.it.TestAsyncDSLSimpleEntity,should_dsl_delete_async,0.32
Achilles,info.archinnov.achilles.it.TestAsyncDSLSimpleEntity,should_dsl_update_value_async,0.479
Achilles,info.archinnov.achilles.it.TestEntityWithCompositePartitionKey,should_dsl_select_using_token_function,14.276
Achilles,info.archinnov.achilles.it.TestEntityWithCompositePartitionKey,should_dsl_select_with_token_value,0.549
Achilles,info.archinnov.achilles.it.TestEntityWithCompositePartitionKey,should_find,0.343
Achilles,info.archinnov.achilles.it.TestEntityWithCompositePartitionKey,should_insert,0.24
Achilles,info.archinnov.achilles.it.TestEntityWithCompositePartitionKey,should_dsl_select_with_IN_clause,0.29
Achilles,info.archinnov.achilles.it.TestEntityWithStaticColumn,should_dsl_update_static,15.151
Achilles,info.archinnov.achilles.it.TestEntityWithStaticColumn,should_insert_static,0.335
Achilles,info.archinnov.achilles.it.TestEntityWithStaticColumn,should_find,0.268
Achilles,info.archinnov.achilles.it.TestEntityWithStaticColumn,should_insert,0.268
Achilles,info.archinnov.achilles.it.TestEntityWithStaticColumn,should_dsl_delete_static,0.278
Achilles,info.archinnov.achilles.it.TestEntityWithStaticColumn,should_update,0.251
Achilles,info.archinnov.achilles.it.TestEntityWithStaticColumn,should_insert_static_if_not_exist,0.194
Achilles,info.archinnov.achilles.it.TestEntityWithStaticColumn,should_insert_static_with_insert_strategy,0.254
Achilles,info.archinnov.achilles.it.TestEntityWithStaticColumn,should_dsl_select_static,0.204
Achilles,info.archinnov.achilles.it.TestEntityWithStaticColumn,should_update_static,0.239
Achilles,info.archinnov.achilles.it.bugs.TestEntityWithNestedUdtIT,should_insert_nested_udt,14.592
Achilles,info.archinnov.achilles.it.bugs.TestEntityWithNestedUdtIT,should_update_nested_udt,0.483
Achilles,info.archinnov.achilles.it.bugs.TestEntityWithNestedUdtIT,should_select_some_udt_columns,0.326
Achilles,info.archinnov.achilles.it.TestEntityWithComplexCounter,should_dsl_update_codec_counter,14.166
Achilles,info.archinnov.achilles.it.TestEntityWithComplexCounter,should_find,0.407
Achilles,info.archinnov.achilles.it.bugs.PrimitiveAsClusteringColumnIT,should_select_dsl,14.007
Achilles,info.archinnov.achilles.it.TestAsyncCRUDSimpleEntity,should_find_by_id_async,14.462
Achilles,info.archinnov.achilles.it.TestAsyncCRUDSimpleEntity,should_insert_async,0.442
Achilles,info.archinnov.achilles.it.TestAsyncCRUDSimpleEntity,should_delete_instance_async,0.381
Achilles,info.archinnov.achilles.it.TestEntityWithComplexTypes,should_find,14.095
Achilles,info.archinnov.achilles.it.TestEntityWithComplexTypes,should_insert,0.922
Achilles,info.archinnov.achilles.it.TestEntityWithComplexTypes,should_dsl_select,0.268
Achilles,info.archinnov.achilles.it.bugs.TestEntityWithNonExistingTableIT,should_fail_if_entity_table_does_not_exist,13.36
Achilles,info.archinnov.achilles.it.bugs.TestNotUsePrimitiveArrayCodecs,should_insert_udt_with_collections_primitive,14.127
Achilles,info.archinnov.achilles.it.bugs.ValidateSchemaIT,should_fail_validating_schema_when_partition_key_missing,13.234
Achilles,info.archinnov.achilles.it.bugs.ValidateSchemaIT,should_fail_validating_schema_when_static_column_missing,0.489
Achilles,info.archinnov.achilles.it.bugs.ValidateSchemaIT,should_fail_validating_schema_when_clustering_column_missing,0.536
Achilles,info.archinnov.achilles.it.TestCRUDSimpleEntity,should_delete_with_equal_condition,13.083
Achilles,info.archinnov.achilles.it.TestCRUDSimpleEntity,should_delete_by_id_with_execution_info,0.264
Achilles,info.archinnov.achilles.it.TestCRUDSimpleEntity,should_insert_with_schema_name_provider,0.595
Achilles,info.archinnov.achilles.it.TestCRUDSimpleEntity,should_find_with_async_listeners,0.17
Achilles,info.archinnov.achilles.it.TestCRUDSimpleEntity,should_delete_by_id_generate_query_and_bound_values,0.197
Achilles,info.archinnov.achilles.it.TestCRUDSimpleEntity,should_delete_with_schema_name_provider,0.716
Achilles,info.archinnov.achilles.it.TestCRUDSimpleEntity,should_insert_if_not_exists,0.309
Achilles,info.archinnov.achilles.it.TestCRUDSimpleEntity,should_delete_by_id,0.203
Achilles,info.archinnov.achilles.it.TestCRUDSimpleEntity,should_insert_with_downgrading_consistency,0.238
Achilles,info.archinnov.achilles.it.TestCRUDSimpleEntity,should_delete_entity_generate_query_and_bound_values,0.215
Achilles,info.archinnov.achilles.it.TestCRUDSimpleEntity,should_insert_with_insert_strategy_non_null_fields,0.175
Achilles,info.archinnov.achilles.it.TestCRUDSimpleEntity,should_insert,0.244
Achilles,info.archinnov.achilles.it.TestCRUDSimpleEntity,should_insert_with_ttl,1.288
Achilles,info.archinnov.achilles.it.TestCRUDSimpleEntity,should_insert_with_execution_info,0.111
Achilles,info.archinnov.achilles.it.TestCRUDSimpleEntity,should_delete_with_not_equal_condition,0.328
Achilles,info.archinnov.achilles.it.TestCRUDSimpleEntity,should_find_by_id,0.192
Achilles,info.archinnov.achilles.it.TestCRUDSimpleEntity,should_find_by_id_with_execution_info,0.101
Achilles,info.archinnov.achilles.it.TestCRUDSimpleEntity,should_delete_by_partition,0.209
Achilles,info.archinnov.achilles.it.TestCRUDSimpleEntity,should_delete_if_exists,0.369
Achilles,info.archinnov.achilles.it.TestCRUDSimpleEntity,should_find_with_schema_name_provider,0.349
Achilles,info.archinnov.achilles.it.TestCRUDSimpleEntity,should_delete_with_inequal_condition,0.242
Achilles,info.archinnov.achilles.it.TestCRUDSimpleEntity,should_delete_by_partition_generate_query_and_bound_values,0.103
Achilles,info.archinnov.achilles.it.TestCRUDSimpleEntity,should_insert_with_timestamp,0.308
Achilles,info.archinnov.achilles.it.TestCRUDSimpleEntity,should_insert_generate_query_and_bound_values,0.075
Achilles,info.archinnov.achilles.it.TestNativeQueries,should_perform_prepared_native_query,14.079
Achilles,info.archinnov.achilles.it.TestNativeQueries,should_iterate_regular_typed_query,0.558
Achilles,info.archinnov.achilles.it.TestNativeQueries,should_perform_regular_native_query,0.343
Achilles,info.archinnov.achilles.it.TestNativeQueries,should_perform_regular_insert_as_native_query,0.283
Achilles,info.archinnov.achilles.it.TestNativeQueries,should_limit_displayed_returned_results,0.37
Achilles,info.archinnov.achilles.it.TestNativeQueries,should_perform_bound_statement_native_query,0.196
Achilles,info.archinnov.achilles.it.bugs.TestDynamicKeyspaceWithUDT,should_crud_delete_by_id_with_dynamic_ks,15.171
Achilles,info.archinnov.achilles.it.bugs.TestDynamicKeyspaceWithUDT,should_dsl_update_udt_value_with_dynamic_ks,0.361
Achilles,info.archinnov.achilles.it.bugs.TestDynamicKeyspaceWithUDT,should_dsl_update_list_prepend_with_dynamic_ks,0.36
Achilles,info.archinnov.achilles.it.bugs.TestDynamicKeyspaceWithUDT,should_update_using_lwt_lt_with_dynamic_ks,0.248
Achilles,info.archinnov.achilles.it.bugs.TestDynamicKeyspaceWithUDT,should_dsl_update_map_key_remove_with_dynamic_ks,0.377
Achilles,info.archinnov.achilles.it.bugs.TestDynamicKeyspaceWithUDT,should_crud_insert_with_dynamic_ks,0.188
Achilles,info.archinnov.achilles.it.bugs.TestDynamicKeyspaceWithUDT,should_dsl_delete_with_dynamic_ks,0.337
Achilles,info.archinnov.achilles.it.bugs.TestDynamicKeyspaceWithUDT,should_crud_delete_instance_with_dynamic_ks,0.282
Achilles,info.archinnov.achilles.it.bugs.TestDynamicKeyspaceWithUDT,should_dsl_update_map_key_put_with_dynamic_ks,0.27
Achilles,info.archinnov.achilles.it.bugs.TestDynamicKeyspaceWithUDT,should_crud_delete_by_partition_with_dynamic_ks,0.14
Achilles,info.archinnov.achilles.it.bugs.TestDynamicKeyspaceWithUDT,should_dsl_update_map_key_set_with_dynamic_ks,0.283
Achilles,info.archinnov.achilles.it.bugs.TestDynamicKeyspaceWithUDT,should_delete_using_lwt_eq_with_dynamic_ks,0.255
Achilles,info.archinnov.achilles.it.bugs.TestDynamicKeyspaceWithUDT,should_dsl_update_list_append_with_dynamic_ks,0.145
Achilles,info.archinnov.achilles.it.bugs.TestDynamicKeyspaceWithUDT,should_dsl_update_list_set_with_dynamic_ks,0.267
Achilles,info.archinnov.achilles.it.bugs.TestDynamicKeyspaceWithUDT,should_crud_find_with_dynamic_ks,0.247
Achilles,info.archinnov.achilles.it.bugs.TestDynamicKeyspaceWithUDT,should_dsl_update_set_add_with_dynamic_ks,0.167
Achilles,info.archinnov.achilles.it.bugs.TestDynamicKeyspaceWithUDT,should_dsl_update_map_value_put_with_dynamic_ks,0.243
Achilles,info.archinnov.achilles.it.bugs.TestDynamicKeyspaceWithUDT,should_dsl_update_map_value_remove_with_dynamic_ks,0.232
Achilles,info.archinnov.achilles.it.bugs.TestDynamicKeyspaceWithUDT,should_delete_using_lwt_gte_with_dynamic_ks,0.203
Achilles,info.archinnov.achilles.it.bugs.TestDynamicKeyspaceWithUDT,should_dsl_select_with_dynamic_ks,0.169
Achilles,info.archinnov.achilles.it.bugs.TestDynamicKeyspaceWithUDT,should_delete_using_lwt_lt_with_dynamic_ks,0.147
Achilles,info.archinnov.achilles.it.bugs.TestDynamicKeyspaceWithUDT,should_dsl_update_map_value_set_with_dynamic_ks,0.271
Achilles,info.archinnov.achilles.it.bugs.TestDynamicKeyspaceWithUDT,should_dsl_update_set_remove_with_dynamic_ks,0.295
Achilles,info.archinnov.achilles.it.bugs.TestDynamicKeyspaceWithUDT,should_update_using_lwt_eq_with_dynamic_ks,0.16
Achilles,info.archinnov.achilles.it.bugs.TestDynamicKeyspaceWithUDT,should_update_using_lwt_gte_with_dynamic_ks,0.27
Achilles,info.archinnov.achilles.it.TestBeanValidation,should_fail_on_pre_insert_because_empty_list,14.568
Achilles,info.archinnov.achilles.it.TestBeanValidation,should_fail_on_pre_insert_because_empty_text,0.372
Achilles,info.archinnov.achilles.it.TestBeanValidation,should_verify_bean_validator_called_last_on_pre_insert,0.684
Achilles,info.archinnov.achilles.it.TestBeanValidation,should_fail_on_pre_insert_because_invalid_email_in_udt,0.269
Achilles,info.archinnov.achilles.it.TestBeanValidation,should_fail_on_pre_insert_because_failed_constraint_in_udt,0.202
Achilles,info.archinnov.achilles.it.TestBeanValidation,should_fail_on_post_load,0.335
Achilles,info.archinnov.achilles.it.TestImmutableEntity,should_dsl_select_one,14.452
Achilles,info.archinnov.achilles.it.TestImmutableEntity,should_find_by_id,0.367
Achilles,info.archinnov.achilles.it.TestImmutableEntity,should_typed_query,0.336
Achilles,info.archinnov.achilles.it.TestEntityWithCounterColumn,should_delete_by_id,14.095
Achilles,info.archinnov.achilles.it.TestEntityWithCounterColumn,should_find,0.469
Achilles,info.archinnov.achilles.it.TestEntityWithCounterColumn,should_delete_instance,0.258
Achilles,info.archinnov.achilles.it.TestEntityWithCounterColumn,should_dsl_delete,0.314
Achilles,info.archinnov.achilles.it.TestEntityWithCounterColumn,should_dsl_update,0.255
Achilles,info.archinnov.achilles.it.TestEntityWithIndexOnClustering,should_query_using_index_on_clustering,14.854
Achilles,info.archinnov.achilles.it.TestInterceptorsSimpleEntity,should_trigger_for_delete,13.199
Achilles,info.archinnov.achilles.it.TestInterceptorsSimpleEntity,should_trigger_for_dsl_iterator,0.67
Achilles,info.archinnov.achilles.it.TestInterceptorsSimpleEntity,should_trigger_for_insert,0.347
Achilles,info.archinnov.achilles.it.TestInterceptorsSimpleEntity,should_trigger_for_update,0.35
Achilles,info.archinnov.achilles.it.TestInterceptorsSimpleEntity,should_trigger_for_dsl_select,0.356
Achilles,info.archinnov.achilles.it.TestInterceptorsSimpleEntity,should_trigger_for_find,0.241
Achilles,info.archinnov.achilles.it.bugs.ClassLevelTracing,should_activate_tracing_programmatically,13.513
Achilles,info.archinnov.achilles.it.bugs.MultiLayerNestingIT,should_handle_3_levels_of_nesting_udt,14.44
Achilles,info.archinnov.achilles.it.bugs.MultiLayerNestingIT,should_select_some_columns_from_udt,0.5
Achilles,info.archinnov.achilles.it.TestEntityWithCustomConstructorAndDeclaredFields,should_dsl_select_one,14.348
Achilles,info.archinnov.achilles.it.TestEntityWithCustomConstructorAndDeclaredFields,should_find_by_id,0.378
Achilles,info.archinnov.achilles.it.TestEntityWithCustomConstructorAndDeclaredFields,should_typed_query,0.338
Achilles,info.archinnov.achilles.it.TestDSLEntityWithClusterings,should_dsl_select_slice_with_different_partitions,13.902
Achilles,info.archinnov.achilles.it.TestDSLEntityWithClusterings,should_dsl_select_slice_with_tuples_same_partition,0.579
Achilles,info.archinnov.achilles.it.TestDSLEntityWithClusterings,should_dsl_select_slice_with_asymetric_tuples_same_partition,0.343
Achilles,info.archinnov.achilles.it.TestDSLEntityWithClusterings,should_dsl_update_multiple_partitions,0.362
Achilles,info.archinnov.achilles.it.TestDSLEntityWithClusterings,should_dsl_select_one,0.666
Achilles,info.archinnov.achilles.it.TestDSLEntityWithClusterings,should_dsl_select_slice_with_displayed_results_max,0.222
Achilles,info.archinnov.achilles.it.TestDSLEntityWithClusterings,should_dsl_select_slice_with_clusterings_IN_same_partition,0.31
Achilles,info.archinnov.achilles.it.TestDSLEntityWithClusterings,should_dsl_delete_multiple_partitions,0.25
Achilles,info.archinnov.achilles.it.TestDSLEntityWithClusterings,should_dsl_select_slice_with_clustering_IN_same_partition,0.274
Achilles,info.archinnov.achilles.it.TestEntityWithComplexIndices,should_query_using_full_collection_index,16.544
Achilles,info.archinnov.achilles.it.TestEntityWithComplexIndices,should_query_using_simple_index,0.628
Achilles,info.archinnov.achilles.it.TestEntityWithComplexIndices,should_query_using_index_and_clustering_column_slice,0.418
Achilles,info.archinnov.achilles.it.TestEntityWithComplexIndices,should_query_using_index_and_multi_clustering_columns_slice,0.535
Achilles,info.archinnov.achilles.it.TestEntityWithComplexIndices,should_query_using_index_and_partition_key,0.45
Achilles,info.archinnov.achilles.it.TestEntityWithComplexIndices,should_query_using_index_and_clustering_column_inequality,0.391
Achilles,info.archinnov.achilles.it.TestEntityWithComplexIndices,should_query_using_collection_index,0.341
Achilles,info.archinnov.achilles.it.TestEntityWithComplexIndices,should_query_using_map_key_entry,0.313
Achilles,info.archinnov.achilles.it.TestEntityWithComplexIndices,should_query_using_map_key_index,0.466
Achilles,info.archinnov.achilles.it.TestEntityWithComplexIndices,should_query_using_map_key_value,0.207
Achilles,info.archinnov.achilles.it.TestEntityWithComplexIndices,should_query_using_index_and_clustering_column,0.256
Achilles,info.archinnov.achilles.it.TestEntityWithStaticAnnotations,should_insert_using_static_insert_strategy_and_consistency_level,14.115
Achilles,info.archinnov.achilles.it.TestEntityWithStaticAnnotations,should_insert_overriding_static_conf,1.348
Achilles,info.archinnov.achilles.it.TestEntityWithStaticAnnotations,should_find_using_static_consistency,0.204
Achilles,info.archinnov.achilles.it.TestEntityWithStaticAnnotations,should_insert_using_static_ttl,1.288
Achilles,info.archinnov.achilles.junit.AchillesTestResourceTest,should_start_cassandra_and_create_session,11.915
Achilles,info.archinnov.achilles.it.TestCastFunctionCallIT,should_dsl_with_nested_system_casting_call,15.38
Achilles,info.archinnov.achilles.it.TestCastFunctionCallIT,should_dsl_with_cast_nested_into_udf_call,0.532
